schoolid,collegeid,guanxi1
5001,4004,包括
5001,4004,包括
5001,4004,包括
5001,4004,包括
5001,4004,包括
5001,4004,包括
5001,4004,包括
5001,4004,包括
5001,4004,包括
5001,4004,包括
5001,4004,包括
5001,4004,包括
5001,4004,包括
5001,4004,包括
5001,4004,包括
5001,4004,包括
5001,4004,包括
5001,4010,包括
5001,4004,包括
5001,4004,包括
5001,4004,包括
5001,4004,包括
5001,4004,包括
5001,4004,包括
5001,4004,包括
5001,4004,包括
5001,4004,包括
5001,4004,包括
5001,4004,包括
5001,4004,包括
5001,4004,包括
5001,4004,包括
5001,4004,包括
5001,4004,包括
5001,4004,包括
5001,4004,包括
5001,4004,包括
5001,4005,包括
5001,4004,包括
5001,4004,包括
5001,4004,包括
5001,4004,包括
5001,4004,包括
5001,4004,包括
5001,4004,包括
5001,4004,包括
5001,4004,包括
5001,4004,包括
5001,4004,包括
5001,4004,包括
5001,4004,包括
5001,4001,包括
5001,4006,包括
5001,4001,包括
5001,4001,包括
5001,4001,包括
5001,4001,包括
5001,4001,包括
5001,4001,包括
5001,4001,包括
5001,4001,包括
5001,4001,包括
5001,4001,包括
5001,4001,包括
5001,4001,包括
5001,4001,包括
5001,4001,包括
5001,4001,包括
5001,4001,包括
5001,4001,包括
5001,4001,包括
5001,4001,包括
5001,4001,包括
5001,4001,包括
5001,4001,包括
5001,4001,包括
5001,4001,包括
5001,4001,包括
5001,4001,包括
5001,4001,包括
5001,4001,包括
5001,4001,包括
5001,4001,包括
5001,4001,包括
5001,4001,包括
5001,4001,包括
5001,4001,包括
5001,4001,包括
5001,4001,包括
5001,4001,包括
5001,4001,包括
5001,4001,包括
5001,4001,包括
5001,4001,包括
5001,4001,包括
5001,4001,包括
5001,4001,包括
5001,4001,包括
5001,4001,包括
5001,4001,包括
5001,4001,包括
5001,4001,包括
5001,4001,包括
5001,4001,包括
5001,4001,包括
5001,4001,包括
5001,4001,包括
5001,4001,包括
5001,4001,包括
5001,4001,包括
5001,4001,包括
5001,4001,包括
5001,4001,包括
5001,4001,包括
5001,4001,包括
5001,4001,包括
5001,4001,包括
5001,4001,包括
5001,4001,包括
5001,4001,包括
5001,4001,包括
5001,4001,包括
5001,4001,包括
5001,4001,包括
5001,4001,包括
5001,4001,包括
5001,4001,包括
5001,4001,包括
5001,4001,包括
5001,4001,包括
5001,4001,包括
5001,4001,包括
5001,4001,包括
5001,4001,包括
5001,4001,包括
5001,4001,包括
5001,4001,包括
5001,4001,包括
5001,4001,包括
5001,4001,包括
5001,4001,包括
5001,4001,包括
5001,4001,包括
5001,4001,包括
5001,4001,包括
5001,4001,包括
5001,4001,包括
5001,4001,包括
5001,4001,包括
5001,4001,包括
5001,4001,包括
5001,4001,包括
5001,4001,包括
5001,4006,包括
5001,4001,包括
5001,4001,包括
5001,4001,包括
5001,4001,包括
5001,4001,包括
5001,4006,包括
5001,4001,包括
5001,4001,包括
5001,4001,包括
5001,4001,包括
5001,4001,包括
5001,4001,包括
5001,4001,包括
5001,4001,包括
5001,4001,包括
5001,4001,包括
5001,4001,包括
5001,4001,包括
5001,4001,包括
5001,4001,包括
5001,4001,包括
5001,4001,包括
5001,4001,包括
5001,4001,包括
5001,4001,包括
5001,4001,包括
5001,4001,包括
5001,4001,包括
5001,4001,包括
5001,4001,包括
5001,4001,包括
5001,4001,包括
5001,4001,包括
5001,4001,包括
5001,4001,包括
5001,4001,包括
5001,4001,包括
5001,4001,包括
5001,4001,包括
5001,4001,包括
5001,4001,包括
5001,4001,包括
5001,4001,包括
5001,4001,包括
5001,4001,包括
5001,4001,包括
5001,4001,包括
5001,4002,包括
5001,4005,包括
5001,4006,包括
5001,4006,包括
5001,4006,包括
5001,4006,包括
5001,4006,包括
5001,4006,包括
5001,4006,包括
5001,4006,包括
5001,4007,包括
5001,4004,包括
5001,4006,包括
5001,4006,包括
5001,4006,包括
5001,4006,包括
5001,4006,包括
5001,4006,包括
5001,4006,包括
5001,4006,包括
5001,4006,包括
5001,4006,包括
5001,4006,包括
5001,4006,包括
5001,4006,包括
5001,4006,包括
5001,4003,包括
5001,4006,包括
5001,4006,包括
5001,4006,包括
5001,4006,包括
5001,4006,包括
5001,4006,包括
5001,4006,包括
5001,4006,包括
5001,4006,包括
5001,4006,包括
5001,4006,包括
5001,4006,包括
5001,4006,包括
5001,4006,包括
5001,4006,包括
5001,4003,包括
5001,4003,包括
5001,4003,包括
5001,4003,包括
5001,4003,包括
5001,4003,包括
5001,4003,包括
5001,4003,包括
5001,4003,包括
5001,4003,包括
5001,4003,包括
5001,4003,包括
5001,4003,包括
5001,4003,包括
5001,4003,包括
5001,4003,包括
5001,4003,包括
5001,4003,包括
5001,4003,包括
5001,4003,包括
5001,4003,包括
5001,4003,包括
5001,4003,包括
5001,4003,包括
5001,4003,包括
5001,4003,包括
5001,4003,包括
5001,4003,包括
5001,4003,包括
5001,4003,包括
5001,4010,包括
5001,4003,包括
5001,4003,包括
5001,4003,包括
5001,4003,包括
5001,4003,包括
5001,4003,包括
5001,4003,包括
5001,4003,包括
5001,4003,包括
5001,4003,包括
5001,4003,包括
5001,4003,包括
5001,4003,包括
5001,4003,包括
5001,4003,包括
5001,4003,包括
5001,4003,包括
5001,4003,包括
5001,4003,包括
5001,4004,包括
5001,4003,包括
5001,4003,包括
5001,4003,包括
5001,4003,包括
5001,4003,包括
5001,4003,包括
5001,4003,包括
5001,4003,包括
5001,4003,包括
5001,4003,包括
5001,4003,包括
5001,4003,包括
5001,4003,包括
5001,4003,包括
5001,4003,包括
5001,4003,包括
5001,4003,包括
5001,4003,包括
5001,4003,包括
5001,4003,包括
5001,4003,包括
5001,4003,包括
5001,4003,包括
5001,4003,包括
5001,4003,包括
5001,4003,包括
5001,4004,包括
5001,4004,包括
5001,4004,包括
5001,4004,包括
5001,4004,包括
5001,4004,包括
5001,4004,包括
5001,4004,包括
5001,4004,包括
5001,4004,包括
5001,4004,包括
5001,4004,包括
5001,4004,包括
5001,4004,包括
5001,4004,包括
5001,4004,包括
5001,4004,包括
5001,4004,包括
5001,4004,包括
5001,4004,包括
5001,4004,包括
5001,4004,包括
5001,4004,包括
5001,4004,包括
5001,4004,包括
5001,4004,包括
5001,4004,包括
5001,4004,包括
5001,4004,包括
5001,4004,包括
5001,4004,包括
5001,4004,包括
5001,4004,包括
5001,4004,包括
5001,4004,包括
5001,4004,包括
5001,4004,包括
5001,4004,包括
5001,4004,包括
5001,4004,包括
5001,4004,包括
5001,4004,包括
5001,4004,包括
5001,4004,包括
5001,4004,包括
5001,4004,包括
5001,4004,包括
5001,4002,包括
5001,4002,包括
5001,4002,包括
5001,4002,包括
5001,4002,包括
5001,4002,包括
5001,4006,包括
5001,4002,包括
5001,4002,包括
5001,4002,包括
5001,4002,包括
5001,4002,包括
5001,4002,包括
5001,4002,包括
5001,4002,包括
5001,4002,包括
5001,4002,包括
5001,4002,包括
5001,4002,包括
5001,4002,包括
5001,4002,包括
5001,4002,包括
5001,4002,包括
5001,4002,包括
5001,4006,包括
5001,4002,包括
5001,4002,包括
5001,4002,包括
5001,4002,包括
5001,4002,包括
5001,4002,包括
5001,4002,包括
5001,4002,包括
5001,4002,包括
5001,4002,包括
5001,4002,包括
5001,4002,包括
5001,4002,包括
5001,4002,包括
5001,4002,包括
5001,4002,包括
5001,4002,包括
5001,4002,包括
5001,4002,包括
5001,4002,包括
5001,4002,包括
5001,4002,包括
5001,4002,包括
5001,4002,包括
5001,4002,包括
5001,4002,包括
5001,4002,包括
5001,4002,包括
5001,4002,包括
5001,4002,包括
5001,4002,包括
5001,4002,包括
5001,4002,包括
5001,4002,包括
5001,4002,包括
5001,4002,包括
5001,4002,包括
5001,4002,包括
5001,4002,包括
5001,4002,包括
5001,4002,包括
5001,4002,包括
5001,4002,包括
5001,4002,包括
5001,4002,包括
5001,4006,包括
5001,4010,包括
5001,4010,包括
5001,4006,包括
5001,4010,包括
5001,4010,包括
5001,4006,包括
5001,4010,包括
5001,4006,包括
5001,4010,包括
5001,4007,包括
5001,4006,包括
5001,4010,包括
5001,4003,包括
5001,4006,包括
5001,4001,包括
5001,4010,包括
5001,4010,包括
5001,4004,包括
5001,4004,包括
5001,4004,包括
5001,4004,包括
5001,4004,包括
5001,4004,包括
5001,4004,包括
5001,4006,包括
5001,4004,包括
5001,4004,包括
5001,4004,包括
5001,4004,包括
5001,4004,包括
5001,4004,包括
5001,4004,包括
5001,4004,包括
5001,4004,包括
5001,4004,包括
5001,4004,包括
5001,4004,包括
5001,4004,包括
5001,4004,包括
5001,4004,包括
5001,4004,包括
5001,4004,包括
5001,4004,包括
5001,4004,包括
5001,4004,包括
5001,4004,包括
5001,4004,包括
5001,4004,包括
5001,4006,包括
5001,4004,包括
5001,4004,包括
5001,4004,包括
5001,4004,包括
5001,4004,包括
5001,4004,包括
5001,4004,包括
5001,4007,包括
5001,4007,包括
5001,4007,包括
5001,4007,包括
5001,4007,包括
5001,4007,包括
5001,4007,包括
5001,4007,包括
5001,4007,包括
5001,4007,包括
5001,4007,包括
5001,4007,包括
5001,4007,包括
5001,4007,包括
5001,4007,包括
5001,4007,包括
5001,4007,包括
5001,4007,包括
5001,4007,包括
5001,4007,包括
5001,4007,包括
5001,4007,包括
5001,4007,包括
5001,4007,包括
5001,4007,包括
5001,4007,包括
5001,4007,包括
5001,4007,包括
5001,4007,包括
5001,4007,包括
5001,4007,包括
5001,4007,包括
5001,4007,包括
5001,4007,包括
5001,4007,包括
5001,4007,包括
5001,4007,包括
5001,4007,包括
5001,4007,包括
5001,4007,包括
5001,4007,包括
5001,4004,包括
5001,4004,包括
5001,4004,包括
5001,4004,包括
5001,4004,包括
5001,4004,包括
5001,4004,包括
5001,4004,包括
5001,4004,包括
5001,4004,包括
5001,4004,包括
5001,4004,包括
5001,4004,包括
5001,4004,包括
5001,4004,包括
5001,4004,包括
5001,4004,包括
5001,4006,包括
5001,4006,包括
5001,4006,包括
5001,4006,包括
5001,4006,包括
5001,4006,包括
5001,4006,包括
5001,4006,包括
5001,4006,包括
5001,4006,包括
5001,4003,包括
5001,4006,包括
5001,4006,包括
5001,4006,包括
5001,4006,包括
5001,4006,包括
5001,4006,包括
5001,4006,包括
5001,4006,包括
5001,4006,包括
5001,4006,包括
5001,4007,包括
5001,4007,包括
5001,4007,包括
5001,4007,包括
5001,4007,包括
5001,4007,包括
5001,4006,包括
5001,4007,包括
5001,4007,包括
5001,4007,包括
5001,4007,包括
5001,4007,包括
5001,4007,包括
5001,4007,包括
5001,4007,包括
5001,4007,包括
5001,4007,包括
5001,4007,包括
5001,4007,包括
5001,4007,包括
5001,4007,包括
5001,4007,包括
5001,4007,包括
5001,4007,包括
5001,4007,包括
5001,4007,包括
5001,4007,包括
5001,4007,包括
5001,4007,包括
5001,4007,包括
5001,4007,包括
5001,4007,包括
5001,4007,包括
5001,4007,包括
5001,4007,包括
5001,4007,包括
5001,4007,包括
5001,4007,包括
5001,4007,包括
5001,4007,包括
5001,4007,包括
5001,4007,包括
5001,4007,包括
5001,4007,包括
5001,4007,包括
5001,4007,包括
5001,4007,包括
5001,4007,包括
5001,4007,包括
5001,4007,包括
5001,4007,包括
5001,4007,包括
5001,4007,包括
5001,4007,包括
5001,4007,包括
5001,4004,包括
5001,4004,包括
5001,4004,包括
5001,4004,包括
5001,4004,包括
5001,4004,包括
5001,4004,包括
5001,4004,包括
5001,4004,包括
5001,4006,包括
5001,4004,包括
5001,4004,包括
5001,4004,包括
5001,4004,包括
5001,4004,包括
5001,4004,包括
5001,4004,包括
5001,4004,包括
5001,4004,包括
5001,4004,包括
5001,4004,包括
5001,4004,包括
5001,4004,包括
5001,4004,包括
5001,4004,包括
5001,4004,包括
5001,4004,包括
5001,4004,包括
5001,4004,包括
5001,4004,包括
5001,4004,包括
5001,4004,包括
5001,4006,包括
5001,4004,包括
5001,4004,包括
5001,4004,包括
5001,4004,包括
5001,4004,包括
5001,4004,包括
5001,4004,包括
5001,4004,包括
5001,4004,包括
5001,4004,包括
5001,4004,包括
5001,4004,包括
5001,4004,包括
5001,4004,包括
5001,4004,包括
5001,4004,包括
5001,4004,包括
5001,4004,包括
5001,4004,包括
5001,4004,包括
5001,4004,包括
5001,4004,包括
5001,4006,包括
5001,4010,包括
5001,4003,包括
5001,4010,包括
5001,4005,包括
5001,4001,包括
5001,4005,包括
5001,4004,包括
5001,4006,包括
5001,4010,包括
5001,4004,包括
5001,4008,包括
5001,4006,包括
5001,4006,包括
5001,4006,包括
5001,4006,包括
5001,4006,包括
5001,4001,包括
5001,4002,包括
5001,4006,包括
5001,4006,包括
5001,4006,包括
5001,4006,包括
5001,4006,包括
5001,4006,包括
5001,4006,包括
5001,4006,包括
5001,4006,包括
5001,4006,包括
5001,4010,包括
5001,4004,包括
5001,4006,包括
5001,4006,包括
5001,4006,包括
5001,4006,包括
5001,4006,包括
5001,4006,包括
5001,4006,包括
5001,4006,包括
5001,4006,包括
5001,4006,包括
5001,4006,包括
5001,4001,包括
5001,4010,包括
5001,4006,包括
5001,4006,包括
5001,4006,包括
5001,4006,包括
5001,4006,包括
5001,4006,包括
5001,4006,包括
5001,4006,包括
5001,4006,包括
5001,4006,包括
5001,4006,包括
5001,4010,包括
5001,4003,包括
5001,4006,包括
5001,4006,包括
5001,4006,包括
5001,4006,包括
5001,4006,包括
5001,4006,包括
5001,4010,包括
5001,4005,包括
5001,4003,包括
5001,4008,包括
5001,4004,包括
5001,4002,包括
5001,4006,包括
5001,4006,包括
5001,4008,包括
5001,4001,包括
5001,4006,包括
5001,4002,包括
5001,4001,包括
5001,4003,包括
5001,4006,包括
5001,4001,包括
5001,4008,包括
5001,4006,包括
5001,4004,包括
5001,4005,包括
5001,4006,包括
5001,4006,包括
5001,4006,包括
5001,4006,包括
5001,4006,包括
5001,4006,包括
5001,4006,包括
5001,4010,包括
5001,4003,包括
5001,4006,包括
5001,4006,包括
5001,4010,包括
5001,4003,包括
5001,4006,包括
5001,4006,包括
5001,4006,包括
5001,4006,包括
5001,4006,包括
5001,4006,包括
5001,4006,包括
5001,4006,包括
5001,4006,包括
5001,4005,包括
5001,4008,包括
5001,4006,包括
5001,4006,包括
5001,4006,包括
5001,4006,包括
5001,4006,包括
5001,4004,包括
5001,4007,包括
5001,4006,包括
5001,4007,包括
5001,4005,包括
5001,4006,包括
5001,4006,包括
5001,4002,包括
5001,4006,包括
5001,4006,包括
5001,4004,包括
5001,4006,包括
5001,4006,包括
5001,4006,包括
5001,4006,包括
5001,4006,包括
5001,4004,包括
5001,4001,包括
5001,4006,包括
5001,4003,包括
5001,4006,包括
5001,4006,包括
5001,4006,包括
5001,4005,包括
5001,4005,包括
5001,4005,包括
5001,4005,包括
5001,4005,包括
5001,4005,包括
5001,4005,包括
5001,4006,包括
5001,4006,包括
5001,4006,包括
5001,4006,包括
5001,4001,包括
5001,4008,包括
5001,4005,包括
5001,4005,包括
5001,4005,包括
5001,4005,包括
5001,4005,包括
5001,4005,包括
5001,4005,包括
5001,4005,包括
5001,4005,包括
5001,4005,包括
5001,4005,包括
5001,4005,包括
5001,4005,包括
5001,4005,包括
5001,4005,包括
5001,4005,包括
5001,4005,包括
5001,4005,包括
5001,4005,包括
5001,4005,包括
5001,4005,包括
5001,4005,包括
5001,4005,包括
5001,4005,包括
5001,4005,包括
5001,4005,包括
5001,4005,包括
5001,4005,包括
5001,4005,包括
5001,4005,包括
5001,4005,包括
5001,4005,包括
5001,4005,包括
5001,4005,包括
5001,4005,包括
5001,4005,包括
5001,4005,包括
5001,4005,包括
5001,4005,包括
5001,4005,包括
5001,4005,包括
5001,4005,包括
5001,4005,包括
5001,4005,包括
5001,4005,包括
5001,4005,包括
5001,4005,包括
5001,4005,包括
5001,4005,包括
5001,4005,包括
5001,4005,包括
5001,4005,包括
5001,4005,包括
5001,4005,包括
5001,4005,包括
5001,4005,包括
5001,4005,包括
5001,4005,包括
5001,4005,包括
5001,4005,包括
5001,4005,包括
5001,4005,包括
5001,4005,包括
5001,4005,包括
5001,4005,包括
5001,4005,包括
5001,4005,包括
5001,4005,包括
5001,4005,包括
5001,4005,包括
5001,4005,包括
5001,4005,包括
5001,4005,包括
5001,4005,包括
5001,4005,包括
5001,4005,包括
5001,4005,包括
5001,4005,包括
5001,4005,包括
5001,4005,包括
5001,4005,包括
5001,4005,包括
5001,4005,包括
5001,4005,包括
5001,4005,包括
5001,4005,包括
5001,4005,包括
5001,4005,包括
5001,4005,包括
5001,4005,包括
5001,4005,包括
5001,4005,包括
5001,4005,包括
5001,4005,包括
5001,4005,包括
5001,4005,包括
5001,4005,包括
5001,4005,包括
5001,4005,包括
5001,4005,包括
5001,4005,包括
5001,4005,包括
5001,4005,包括
5001,4005,包括
5001,4005,包括
5001,4005,包括
5001,4005,包括
5001,4005,包括
5001,4005,包括
5001,4005,包括
5001,4005,包括
5001,4005,包括
5001,4005,包括
5001,4005,包括
5001,4005,包括
5001,4005,包括
5001,4005,包括
5001,4005,包括
5001,4005,包括
5001,4005,包括
5001,4005,包括
5001,4005,包括
5001,4005,包括
5001,4005,包括
5001,4005,包括
5001,4005,包括
5001,4005,包括
5001,4005,包括
5001,4005,包括
5001,4003,包括
5001,4003,包括
5001,4003,包括
5001,4003,包括
5001,4003,包括
5001,4003,包括
5001,4003,包括
5001,4003,包括
5001,4003,包括
5001,4003,包括
5001,4003,包括
5001,4003,包括
5001,4003,包括
5001,4003,包括
5001,4003,包括
5001,4003,包括
5001,4003,包括
5001,4003,包括
5001,4003,包括
5001,4003,包括
5001,4003,包括
5001,4003,包括
5001,4003,包括
5001,4003,包括
5001,4003,包括
5001,4003,包括
5001,4003,包括
5001,4003,包括
5001,4003,包括
5001,4003,包括
5001,4003,包括
5001,4003,包括
5001,4003,包括
5001,4003,包括
5001,4003,包括
5001,4003,包括
5001,4003,包括
5001,4003,包括
5001,4003,包括
5001,4003,包括
5001,4003,包括
5001,4003,包括
5001,4003,包括
5001,4003,包括
5001,4003,包括
5001,4003,包括
5001,4003,包括
5001,4003,包括
5001,4003,包括
5001,4003,包括
5001,4006,包括
5001,4006,包括
5001,4006,包括
5001,4006,包括
5001,4006,包括
5001,4006,包括
5001,4006,包括
5001,4006,包括
5001,4006,包括
5001,4004,包括
5001,4004,包括
5001,4004,包括
5001,4004,包括
5001,4004,包括
5001,4004,包括
5001,4004,包括
5001,4004,包括
5001,4004,包括
5001,4004,包括
5001,4004,包括
5001,4004,包括
5001,4004,包括
5001,4004,包括
5001,4004,包括
5001,4004,包括
5001,4004,包括
5001,4004,包括
5001,4004,包括
5001,4004,包括
5001,4004,包括
5001,4004,包括
5001,4004,包括
5001,4004,包括
5001,4004,包括
5001,4004,包括
5001,4004,包括
5001,4004,包括
5001,4004,包括
5001,4002,包括
5001,4002,包括
5001,4002,包括
5001,4002,包括
5001,4002,包括
5001,4002,包括
5001,4002,包括
5001,4002,包括
5001,4002,包括
5001,4002,包括
5001,4002,包括
5001,4002,包括
5001,4002,包括
5001,4002,包括
5001,4002,包括
5001,4002,包括
5001,4002,包括
5001,4002,包括
5001,4002,包括
5001,4002,包括
5001,4006,包括
5001,4006,包括
5001,4006,包括
5001,4006,包括
5001,4006,包括
5001,4006,包括
5001,4006,包括
5001,4006,包括
5001,4006,包括
5001,4006,包括
5001,4006,包括
5001,4006,包括
5001,4006,包括
5001,4006,包括
5001,4006,包括
5001,4006,包括
5001,4006,包括
5001,4006,包括
5001,4006,包括
5001,4006,包括
5001,4006,包括
5001,4001,包括
5001,4001,包括
5001,4001,包括
5001,4001,包括
5001,4001,包括
5001,4001,包括
5001,4001,包括
5001,4001,包括
5001,4001,包括
5001,4001,包括
5001,4001,包括
5001,4001,包括
5001,4001,包括
5001,4001,包括
5001,4001,包括
5001,4001,包括
5001,4001,包括
5001,4001,包括
5001,4001,包括
5001,4001,包括
5001,4001,包括
5001,4001,包括
5001,4001,包括
5001,4001,包括
5001,4001,包括
5001,4001,包括
5001,4001,包括
5001,4001,包括
5001,4001,包括
5001,4001,包括
5001,4001,包括
5001,4001,包括
5001,4001,包括
5001,4001,包括
5001,4001,包括
5001,4001,包括
5001,4001,包括
5001,4001,包括
5001,4001,包括
5001,4001,包括
5001,4001,包括
5001,4001,包括
5001,4001,包括
5001,4001,包括
5001,4001,包括
5001,4001,包括
5001,4001,包括
5001,4001,包括
5001,4001,包括
5001,4001,包括
5001,4001,包括
5001,4001,包括
5001,4001,包括
5001,4001,包括
5001,4001,包括
5001,4001,包括
5001,4001,包括
5001,4001,包括
5001,4001,包括
5001,4001,包括
5001,4002,包括
5001,4002,包括
5001,4002,包括
5001,4002,包括
5001,4002,包括
5001,4002,包括
5001,4002,包括
5001,4002,包括
5001,4002,包括
5001,4002,包括
5001,4002,包括
5001,4002,包括
5001,4002,包括
5001,4002,包括
5001,4002,包括
5001,4002,包括
5001,4002,包括
5001,4002,包括
5001,4002,包括
5001,4002,包括
5001,4002,包括
5001,4002,包括
5001,4002,包括
5001,4002,包括
5001,4002,包括
5001,4002,包括
5001,4002,包括
5001,4002,包括
5001,4002,包括
5001,4002,包括
5001,4002,包括
5001,4002,包括
5001,4002,包括
5001,4002,包括
5001,4002,包括
5001,4002,包括
5001,4002,包括
5001,4002,包括
5001,4002,包括
5001,4002,包括
5001,4002,包括
5001,4002,包括
5001,4002,包括
5001,4004,包括
5001,4004,包括
5001,4004,包括
5001,4004,包括
5001,4004,包括
5001,4004,包括
5001,4004,包括
5001,4004,包括
5001,4004,包括
5001,4004,包括
5001,4004,包括
5001,4004,包括
5001,4004,包括
5001,4004,包括
5001,4004,包括
5001,4004,包括
5001,4004,包括
5001,4004,包括
5001,4004,包括
5001,4004,包括
5001,4004,包括
5001,4004,包括
5001,4004,包括
5001,4004,包括
5001,4004,包括
5001,4004,包括
5001,4004,包括
5001,4004,包括
5001,4004,包括
5001,4004,包括
5001,4004,包括
5001,4004,包括
5001,4004,包括
5001,4004,包括
5001,4004,包括
5001,4004,包括
5001,4004,包括
5001,4004,包括
5001,4004,包括
5001,4008,包括
5001,4008,包括
5001,4008,包括
5001,4008,包括
5001,4008,包括
5001,4008,包括
5001,4008,包括
5001,4008,包括
5001,4008,包括
5001,4008,包括
5001,4008,包括
5001,4008,包括
5001,4008,包括
5001,4008,包括
5001,4008,包括
5001,4008,包括
5001,4008,包括
5001,4008,包括
5001,4008,包括
5001,4008,包括
5001,4008,包括
5001,4008,包括
5001,4008,包括
5001,4008,包括
5001,4008,包括
5001,4008,包括
5001,4008,包括
5001,4008,包括
5001,4008,包括
5001,4008,包括
5001,4008,包括
5001,4008,包括
5001,4008,包括
5001,4008,包括
5001,4008,包括
5001,4008,包括
5001,4008,包括
5001,4008,包括
5001,4008,包括
5001,4008,包括
5001,4008,包括
5001,4008,包括
5001,4008,包括
5001,4008,包括
5001,4008,包括
5001,4008,包括
5001,4008,包括
5001,4008,包括
5001,4008,包括
5001,4008,包括
5001,4008,包括
5001,4008,包括
5001,4008,包括
5001,4008,包括
5001,4008,包括
5001,4008,包括
5001,4008,包括
5001,4008,包括
5001,4008,包括
5001,4008,包括
5001,4008,包括
5001,4008,包括
5001,4008,包括
5001,4008,包括
5001,4008,包括
5001,4008,包括
5001,4008,包括
5001,4008,包括
5001,4008,包括
5001,4008,包括
5001,4008,包括
5001,4008,包括
5001,4008,包括
5001,4008,包括
5001,4008,包括
5001,4008,包括
5001,4008,包括
5001,4008,包括
5001,4008,包括
5001,4008,包括
5001,4008,包括
5001,4008,包括
5001,4008,包括
5001,4008,包括
5001,4008,包括
5001,4008,包括
5001,4008,包括
5001,4008,包括
5001,4008,包括
5001,4008,包括
5001,4008,包括
5001,4008,包括
5001,4008,包括
5001,4008,包括
5001,4008,包括
5001,4008,包括
5001,4008,包括
5001,4008,包括
5001,4008,包括
5001,4008,包括
5001,4001,包括
5001,4001,包括
5001,4001,包括
5001,4001,包括
5001,4001,包括
5001,4001,包括
5001,4001,包括
5001,4001,包括
5001,4001,包括
5001,4001,包括
5001,4001,包括
5001,4001,包括
5001,4001,包括
5001,4001,包括
5001,4001,包括
5001,4001,包括
5001,4001,包括
5001,4001,包括
5001,4001,包括
5001,4001,包括
5001,4001,包括
5001,4001,包括
5001,4001,包括
5001,4001,包括
5001,4001,包括
5001,4001,包括
5001,4001,包括
5001,4001,包括
5001,4001,包括
5001,4001,包括
5001,4001,包括
5001,4001,包括
5001,4001,包括
5001,4001,包括
5001,4001,包括
5001,4001,包括
5001,4001,包括
5001,4001,包括
5001,4001,包括
5001,4001,包括
5001,4001,包括
5001,4001,包括
5001,4001,包括
5001,4006,包括
5001,4001,包括
5001,4001,包括
5001,4001,包括
5001,4001,包括
5001,4001,包括
5001,4001,包括
5001,4001,包括
5001,4001,包括
5001,4001,包括
5001,4001,包括
5001,4001,包括
5001,4001,包括
5001,4001,包括
5001,4001,包括
5001,4001,包括
5001,4001,包括
5001,4001,包括
5001,4001,包括
5001,4001,包括
5001,4001,包括
5001,4001,包括
5001,4001,包括
5001,4001,包括
5001,4001,包括
5001,4001,包括
5001,4001,包括
5001,4001,包括
5001,4001,包括
5001,4001,包括
5001,4001,包括
5001,4001,包括
5001,4001,包括
5001,4001,包括
5001,4001,包括
5001,4001,包括
5001,4003,包括
5001,4003,包括
5001,4003,包括
5001,4003,包括
5001,4003,包括
5001,4003,包括
5001,4003,包括
5001,4003,包括
5001,4003,包括
5001,4001,包括
5001,4001,包括
5001,4001,包括
5001,4001,包括
5001,4001,包括
5001,4001,包括
5001,4001,包括
5001,4001,包括
5001,4001,包括
5001,4001,包括
5001,4001,包括
5001,4001,包括
5001,4001,包括
5001,4001,包括
5001,4001,包括
5001,4001,包括
5001,4006,包括
5001,4001,包括
5001,4001,包括
5001,4001,包括
5001,4001,包括
5001,4001,包括
5001,4006,包括
5001,4006,包括
5001,4006,包括
5001,4006,包括
5001,4006,包括
5001,4006,包括
5001,4006,包括
5001,4004,包括
5001,4004,包括
5001,4004,包括
5001,4004,包括
5001,4004,包括
5001,4004,包括
5001,4004,包括
5001,4004,包括
5001,4004,包括
5001,4004,包括
5001,4004,包括
5001,4004,包括
5001,4004,包括
5001,4004,包括
5001,4004,包括
5001,4004,包括
5001,4004,包括
5001,4004,包括
5001,4004,包括
5001,4004,包括
5001,4004,包括
5001,4004,包括
5001,4004,包括
5001,4004,包括
5001,4004,包括
5001,4004,包括
5001,4004,包括
5001,4004,包括
5001,4004,包括
5001,4004,包括
5001,4004,包括
5001,4004,包括
5001,4004,包括
5001,4004,包括
5001,4004,包括
5001,4004,包括
5001,4004,包括
5001,4004,包括
5001,4004,包括
5001,4004,包括
5001,4004,包括
5001,4004,包括
5001,4004,包括
5001,4004,包括
5001,4004,包括
5001,4004,包括
5001,4004,包括
5001,4004,包括
5001,4004,包括
5001,4004,包括
5001,4004,包括
5001,4004,包括
5001,4004,包括
5001,4004,包括
5001,4004,包括
5001,4002,包括
5001,4002,包括
5001,4002,包括
5001,4002,包括
5001,4002,包括
5001,4002,包括
5001,4002,包括
5001,4002,包括
5001,4007,包括
5001,4007,包括
5001,4007,包括
5001,4007,包括
5001,4007,包括
5001,4007,包括
5001,4007,包括
5001,4007,包括
5001,4007,包括
5001,4007,包括
5001,4007,包括
5001,4007,包括
5001,4007,包括
5001,4007,包括
5001,4007,包括
5001,4007,包括
5001,4007,包括
5001,4007,包括
5001,4007,包括
5001,4007,包括
5001,4007,包括
5001,4007,包括
5001,4007,包括
5001,4007,包括
5001,4007,包括
5001,4007,包括
5001,4007,包括
5001,4007,包括
5001,4007,包括
5001,4007,包括
5001,4007,包括
5001,4007,包括
5001,4007,包括
5001,4007,包括
5001,4007,包括
5001,4007,包括
5001,4007,包括
5001,4007,包括
5001,4007,包括
5001,4007,包括
5001,4007,包括
5001,4007,包括
