schoolid,teacherid,collegeid,guanxi
5001,1,4004,所属
5001,2,4004,所属
5001,3,4004,所属
5001,4,4004,所属
5001,5,4004,所属
5001,6,4004,所属
5001,7,4004,所属
5001,8,4004,所属
5001,9,4004,所属
5001,10,4004,所属
5001,11,4004,所属
5001,12,4004,所属
5001,13,4004,所属
5001,14,4004,所属
5001,15,4004,所属
5001,16,4004,所属
5001,17,4004,所属
5001,18,4010,所属
5001,19,4004,所属
5001,20,4004,所属
5001,21,4004,所属
5001,22,4004,所属
5001,23,4004,所属
5001,24,4004,所属
5001,25,4004,所属
5001,26,4004,所属
5001,27,4004,所属
5001,28,4004,所属
5001,29,4004,所属
5001,30,4004,所属
5001,31,4004,所属
5001,32,4004,所属
5001,33,4004,所属
5001,34,4004,所属
5001,35,4004,所属
5001,36,4004,所属
5001,37,4004,所属
5001,38,4005,所属
5001,39,4004,所属
5001,40,4004,所属
5001,41,4004,所属
5001,42,4004,所属
5001,43,4004,所属
5001,44,4004,所属
5001,45,4004,所属
5001,46,4004,所属
5001,47,4004,所属
5001,48,4004,所属
5001,49,4004,所属
5001,50,4004,所属
5001,51,4004,所属
5001,52,4001,所属
5001,53,4006,所属
5001,54,4001,所属
5001,55,4001,所属
5001,56,4001,所属
5001,57,4001,所属
5001,58,4001,所属
5001,59,4001,所属
5001,60,4001,所属
5001,61,4001,所属
5001,62,4001,所属
5001,63,4001,所属
5001,64,4001,所属
5001,65,4001,所属
5001,66,4001,所属
5001,67,4001,所属
5001,68,4001,所属
5001,69,4001,所属
5001,70,4001,所属
5001,71,4001,所属
5001,72,4001,所属
5001,73,4001,所属
5001,74,4001,所属
5001,75,4001,所属
5001,76,4001,所属
5001,77,4001,所属
5001,78,4001,所属
5001,79,4001,所属
5001,80,4001,所属
5001,81,4001,所属
5001,82,4001,所属
5001,83,4001,所属
5001,84,4001,所属
5001,85,4001,所属
5001,86,4001,所属
5001,87,4001,所属
5001,88,4001,所属
5001,89,4001,所属
5001,90,4001,所属
5001,91,4001,所属
5001,92,4001,所属
5001,93,4001,所属
5001,94,4001,所属
5001,95,4001,所属
5001,96,4001,所属
5001,97,4001,所属
5001,98,4001,所属
5001,99,4001,所属
5001,100,4001,所属
5001,101,4001,所属
5001,102,4001,所属
5001,103,4001,所属
5001,104,4001,所属
5001,105,4001,所属
5001,106,4001,所属
5001,107,4001,所属
5001,108,4001,所属
5001,109,4001,所属
5001,110,4001,所属
5001,111,4001,所属
5001,112,4001,所属
5001,113,4001,所属
5001,114,4001,所属
5001,115,4001,所属
5001,116,4001,所属
5001,117,4001,所属
5001,118,4001,所属
5001,119,4001,所属
5001,120,4001,所属
5001,121,4001,所属
5001,122,4001,所属
5001,123,4001,所属
5001,124,4001,所属
5001,125,4001,所属
5001,126,4001,所属
5001,127,4001,所属
5001,128,4001,所属
5001,129,4001,所属
5001,130,4001,所属
5001,131,4001,所属
5001,132,4001,所属
5001,133,4001,所属
5001,134,4001,所属
5001,135,4001,所属
5001,136,4001,所属
5001,137,4001,所属
5001,138,4001,所属
5001,139,4001,所属
5001,140,4001,所属
5001,141,4001,所属
5001,142,4001,所属
5001,143,4001,所属
5001,144,4001,所属
5001,145,4001,所属
5001,146,4001,所属
5001,147,4001,所属
5001,148,4001,所属
5001,149,4001,所属
5001,150,4001,所属
5001,151,4001,所属
5001,152,4001,所属
5001,153,4001,所属
5001,154,4006,所属
5001,155,4001,所属
5001,156,4001,所属
5001,157,4001,所属
5001,158,4001,所属
5001,159,4001,所属
5001,160,4006,所属
5001,161,4001,所属
5001,162,4001,所属
5001,163,4001,所属
5001,164,4001,所属
5001,165,4001,所属
5001,166,4001,所属
5001,167,4001,所属
5001,168,4001,所属
5001,169,4001,所属
5001,170,4001,所属
5001,171,4001,所属
5001,172,4001,所属
5001,173,4001,所属
5001,174,4001,所属
5001,175,4001,所属
5001,176,4001,所属
5001,177,4001,所属
5001,178,4001,所属
5001,179,4001,所属
5001,180,4001,所属
5001,181,4001,所属
5001,182,4001,所属
5001,183,4001,所属
5001,184,4001,所属
5001,185,4001,所属
5001,186,4001,所属
5001,187,4001,所属
5001,188,4001,所属
5001,189,4001,所属
5001,190,4001,所属
5001,191,4001,所属
5001,192,4001,所属
5001,193,4001,所属
5001,194,4001,所属
5001,195,4001,所属
5001,196,4001,所属
5001,197,4001,所属
5001,198,4001,所属
5001,199,4001,所属
5001,200,4001,所属
5001,201,4001,所属
5001,202,4002,所属
5001,203,4005,所属
5001,204,4006,所属
5001,205,4006,所属
5001,206,4006,所属
5001,207,4006,所属
5001,208,4006,所属
5001,209,4006,所属
5001,210,4006,所属
5001,211,4006,所属
5001,212,4007,所属
5001,213,4004,所属
5001,214,4006,所属
5001,215,4006,所属
5001,216,4006,所属
5001,217,4006,所属
5001,218,4006,所属
5001,219,4006,所属
5001,220,4006,所属
5001,221,4006,所属
5001,222,4006,所属
5001,223,4006,所属
5001,224,4006,所属
5001,225,4006,所属
5001,226,4006,所属
5001,227,4006,所属
5001,228,4003,所属
5001,229,4006,所属
5001,230,4006,所属
5001,231,4006,所属
5001,232,4006,所属
5001,233,4006,所属
5001,234,4006,所属
5001,235,4006,所属
5001,236,4006,所属
5001,237,4006,所属
5001,238,4006,所属
5001,239,4006,所属
5001,240,4006,所属
5001,241,4006,所属
5001,242,4006,所属
5001,243,4006,所属
5001,244,4003,所属
5001,245,4003,所属
5001,246,4003,所属
5001,247,4003,所属
5001,248,4003,所属
5001,249,4003,所属
5001,250,4003,所属
5001,251,4003,所属
5001,252,4003,所属
5001,253,4003,所属
5001,254,4003,所属
5001,255,4003,所属
5001,256,4003,所属
5001,257,4003,所属
5001,258,4003,所属
5001,259,4003,所属
5001,260,4003,所属
5001,261,4003,所属
5001,262,4003,所属
5001,263,4003,所属
5001,264,4003,所属
5001,265,4003,所属
5001,266,4003,所属
5001,267,4003,所属
5001,268,4003,所属
5001,269,4003,所属
5001,270,4003,所属
5001,271,4003,所属
5001,272,4003,所属
5001,273,4003,所属
5001,274,4010,所属
5001,275,4003,所属
5001,276,4003,所属
5001,277,4003,所属
5001,278,4003,所属
5001,279,4003,所属
5001,280,4003,所属
5001,281,4003,所属
5001,282,4003,所属
5001,283,4003,所属
5001,284,4003,所属
5001,285,4003,所属
5001,286,4003,所属
5001,287,4003,所属
5001,288,4003,所属
5001,289,4003,所属
5001,290,4003,所属
5001,291,4003,所属
5001,292,4003,所属
5001,293,4003,所属
5001,294,4004,所属
5001,295,4003,所属
5001,296,4003,所属
5001,297,4003,所属
5001,298,4003,所属
5001,299,4003,所属
5001,300,4003,所属
5001,301,4003,所属
5001,302,4003,所属
5001,303,4003,所属
5001,304,4003,所属
5001,305,4003,所属
5001,306,4003,所属
5001,307,4003,所属
5001,308,4003,所属
5001,309,4003,所属
5001,310,4003,所属
5001,311,4003,所属
5001,312,4003,所属
5001,313,4003,所属
5001,314,4003,所属
5001,315,4003,所属
5001,316,4003,所属
5001,317,4003,所属
5001,318,4003,所属
5001,319,4003,所属
5001,320,4003,所属
5001,321,4004,所属
5001,322,4004,所属
5001,323,4004,所属
5001,324,4004,所属
5001,325,4004,所属
5001,326,4004,所属
5001,327,4004,所属
5001,328,4004,所属
5001,329,4004,所属
5001,330,4004,所属
5001,331,4004,所属
5001,332,4004,所属
5001,333,4004,所属
5001,334,4004,所属
5001,335,4004,所属
5001,336,4004,所属
5001,337,4004,所属
5001,338,4004,所属
5001,339,4004,所属
5001,340,4004,所属
5001,341,4004,所属
5001,342,4004,所属
5001,343,4004,所属
5001,344,4004,所属
5001,345,4004,所属
5001,346,4004,所属
5001,347,4004,所属
5001,348,4004,所属
5001,349,4004,所属
5001,350,4004,所属
5001,351,4004,所属
5001,352,4004,所属
5001,353,4004,所属
5001,354,4004,所属
5001,355,4004,所属
5001,356,4004,所属
5001,357,4004,所属
5001,358,4004,所属
5001,359,4004,所属
5001,360,4004,所属
5001,361,4004,所属
5001,362,4004,所属
5001,363,4004,所属
5001,364,4004,所属
5001,365,4004,所属
5001,366,4004,所属
5001,367,4004,所属
5001,368,4002,所属
5001,369,4002,所属
5001,370,4002,所属
5001,371,4002,所属
5001,372,4002,所属
5001,373,4002,所属
5001,374,4006,所属
5001,375,4002,所属
5001,376,4002,所属
5001,377,4002,所属
5001,378,4002,所属
5001,379,4002,所属
5001,380,4002,所属
5001,381,4002,所属
5001,382,4002,所属
5001,383,4002,所属
5001,384,4002,所属
5001,385,4002,所属
5001,386,4002,所属
5001,387,4002,所属
5001,388,4002,所属
5001,389,4002,所属
5001,390,4002,所属
5001,391,4002,所属
5001,392,4006,所属
5001,393,4002,所属
5001,394,4002,所属
5001,395,4002,所属
5001,396,4002,所属
5001,397,4002,所属
5001,398,4002,所属
5001,399,4002,所属
5001,400,4002,所属
5001,401,4002,所属
5001,402,4002,所属
5001,403,4002,所属
5001,404,4002,所属
5001,405,4002,所属
5001,406,4002,所属
5001,407,4002,所属
5001,408,4002,所属
5001,409,4002,所属
5001,410,4002,所属
5001,411,4002,所属
5001,412,4002,所属
5001,413,4002,所属
5001,414,4002,所属
5001,415,4002,所属
5001,416,4002,所属
5001,417,4002,所属
5001,418,4002,所属
5001,419,4002,所属
5001,420,4002,所属
5001,421,4002,所属
5001,422,4002,所属
5001,423,4002,所属
5001,424,4002,所属
5001,425,4002,所属
5001,426,4002,所属
5001,427,4002,所属
5001,428,4002,所属
5001,429,4002,所属
5001,430,4002,所属
5001,431,4002,所属
5001,432,4002,所属
5001,433,4002,所属
5001,434,4002,所属
5001,435,4002,所属
5001,436,4002,所属
5001,437,4002,所属
5001,438,4006,所属
5001,439,4010,所属
5001,440,4010,所属
5001,441,4006,所属
5001,442,4010,所属
5001,443,4010,所属
5001,444,4006,所属
5001,445,4010,所属
5001,446,4006,所属
5001,447,4010,所属
5001,448,4007,所属
5001,449,4006,所属
5001,450,4010,所属
5001,451,4003,所属
5001,452,4006,所属
5001,453,4001,所属
5001,454,4010,所属
5001,455,4010,所属
5001,456,4004,所属
5001,457,4004,所属
5001,458,4004,所属
5001,459,4004,所属
5001,460,4004,所属
5001,461,4004,所属
5001,462,4004,所属
5001,463,4006,所属
5001,464,4004,所属
5001,465,4004,所属
5001,466,4004,所属
5001,467,4004,所属
5001,468,4004,所属
5001,469,4004,所属
5001,470,4004,所属
5001,471,4004,所属
5001,472,4004,所属
5001,473,4004,所属
5001,474,4004,所属
5001,475,4004,所属
5001,476,4004,所属
5001,477,4004,所属
5001,478,4004,所属
5001,479,4004,所属
5001,480,4004,所属
5001,481,4004,所属
5001,482,4004,所属
5001,483,4004,所属
5001,484,4004,所属
5001,485,4004,所属
5001,486,4004,所属
5001,487,4006,所属
5001,488,4004,所属
5001,489,4004,所属
5001,490,4004,所属
5001,491,4004,所属
5001,492,4004,所属
5001,493,4004,所属
5001,494,4004,所属
5001,495,4007,所属
5001,496,4007,所属
5001,497,4007,所属
5001,498,4007,所属
5001,499,4007,所属
5001,500,4007,所属
5001,501,4007,所属
5001,502,4007,所属
5001,503,4007,所属
5001,504,4007,所属
5001,505,4007,所属
5001,506,4007,所属
5001,507,4007,所属
5001,508,4007,所属
5001,509,4007,所属
5001,510,4007,所属
5001,511,4007,所属
5001,512,4007,所属
5001,513,4007,所属
5001,514,4007,所属
5001,515,4007,所属
5001,516,4007,所属
5001,517,4007,所属
5001,518,4007,所属
5001,519,4007,所属
5001,520,4007,所属
5001,521,4007,所属
5001,522,4007,所属
5001,523,4007,所属
5001,524,4007,所属
5001,525,4007,所属
5001,526,4007,所属
5001,527,4007,所属
5001,528,4007,所属
5001,529,4007,所属
5001,530,4007,所属
5001,531,4007,所属
5001,532,4007,所属
5001,533,4007,所属
5001,534,4007,所属
5001,535,4007,所属
5001,536,4004,所属
5001,537,4004,所属
5001,538,4004,所属
5001,539,4004,所属
5001,540,4004,所属
5001,541,4004,所属
5001,542,4004,所属
5001,543,4004,所属
5001,544,4004,所属
5001,545,4004,所属
5001,546,4004,所属
5001,547,4004,所属
5001,548,4004,所属
5001,549,4004,所属
5001,550,4004,所属
5001,551,4004,所属
5001,552,4004,所属
5001,553,4006,所属
5001,554,4006,所属
5001,555,4006,所属
5001,556,4006,所属
5001,557,4006,所属
5001,558,4006,所属
5001,559,4006,所属
5001,560,4006,所属
5001,561,4006,所属
5001,562,4006,所属
5001,563,4003,所属
5001,564,4006,所属
5001,565,4006,所属
5001,566,4006,所属
5001,567,4006,所属
5001,568,4006,所属
5001,569,4006,所属
5001,570,4006,所属
5001,571,4006,所属
5001,572,4006,所属
5001,573,4006,所属
5001,574,4007,所属
5001,575,4007,所属
5001,576,4007,所属
5001,577,4007,所属
5001,578,4007,所属
5001,579,4007,所属
5001,580,4006,所属
5001,581,4007,所属
5001,582,4007,所属
5001,583,4007,所属
5001,584,4007,所属
5001,585,4007,所属
5001,586,4007,所属
5001,587,4007,所属
5001,588,4007,所属
5001,589,4007,所属
5001,590,4007,所属
5001,591,4007,所属
5001,592,4007,所属
5001,593,4007,所属
5001,594,4007,所属
5001,595,4007,所属
5001,596,4007,所属
5001,597,4007,所属
5001,598,4007,所属
5001,599,4007,所属
5001,600,4007,所属
5001,601,4007,所属
5001,602,4007,所属
5001,603,4007,所属
5001,604,4007,所属
5001,605,4007,所属
5001,606,4007,所属
5001,607,4007,所属
5001,608,4007,所属
5001,609,4007,所属
5001,610,4007,所属
5001,611,4007,所属
5001,612,4007,所属
5001,613,4007,所属
5001,614,4007,所属
5001,615,4007,所属
5001,616,4007,所属
5001,617,4007,所属
5001,618,4007,所属
5001,619,4007,所属
5001,620,4007,所属
5001,621,4007,所属
5001,622,4007,所属
5001,623,4007,所属
5001,624,4007,所属
5001,625,4007,所属
5001,626,4007,所属
5001,627,4007,所属
5001,628,4007,所属
5001,629,4004,所属
5001,630,4004,所属
5001,631,4004,所属
5001,632,4004,所属
5001,633,4004,所属
5001,634,4004,所属
5001,635,4004,所属
5001,636,4004,所属
5001,637,4004,所属
5001,638,4006,所属
5001,639,4004,所属
5001,640,4004,所属
5001,641,4004,所属
5001,642,4004,所属
5001,643,4004,所属
5001,644,4004,所属
5001,645,4004,所属
5001,646,4004,所属
5001,647,4004,所属
5001,648,4004,所属
5001,649,4004,所属
5001,650,4004,所属
5001,651,4004,所属
5001,652,4004,所属
5001,653,4004,所属
5001,654,4004,所属
5001,655,4004,所属
5001,656,4004,所属
5001,657,4004,所属
5001,658,4004,所属
5001,659,4004,所属
5001,660,4004,所属
5001,661,4006,所属
5001,662,4004,所属
5001,663,4004,所属
5001,664,4004,所属
5001,665,4004,所属
5001,666,4004,所属
5001,667,4004,所属
5001,668,4004,所属
5001,669,4004,所属
5001,670,4004,所属
5001,671,4004,所属
5001,672,4004,所属
5001,673,4004,所属
5001,674,4004,所属
5001,675,4004,所属
5001,676,4004,所属
5001,677,4004,所属
5001,678,4004,所属
5001,679,4004,所属
5001,680,4004,所属
5001,681,4004,所属
5001,682,4004,所属
5001,683,4004,所属
5001,684,4006,所属
5001,685,4010,所属
5001,686,4003,所属
5001,687,4010,所属
5001,688,4005,所属
5001,689,4001,所属
5001,690,4005,所属
5001,691,4004,所属
5001,692,4006,所属
5001,693,4010,所属
5001,694,4004,所属
5001,695,4008,所属
5001,696,4006,所属
5001,697,4006,所属
5001,698,4006,所属
5001,699,4006,所属
5001,700,4006,所属
5001,701,4001,所属
5001,702,4002,所属
5001,703,4006,所属
5001,704,4006,所属
5001,705,4006,所属
5001,706,4006,所属
5001,707,4006,所属
5001,708,4006,所属
5001,709,4006,所属
5001,710,4006,所属
5001,711,4006,所属
5001,712,4006,所属
5001,713,4010,所属
5001,714,4004,所属
5001,715,4006,所属
5001,716,4006,所属
5001,717,4006,所属
5001,718,4006,所属
5001,719,4006,所属
5001,720,4006,所属
5001,721,4006,所属
5001,722,4006,所属
5001,723,4006,所属
5001,724,4006,所属
5001,725,4006,所属
5001,726,4001,所属
5001,727,4010,所属
5001,728,4006,所属
5001,729,4006,所属
5001,730,4006,所属
5001,731,4006,所属
5001,732,4006,所属
5001,733,4006,所属
5001,734,4006,所属
5001,735,4006,所属
5001,736,4006,所属
5001,737,4006,所属
5001,738,4006,所属
5001,739,4010,所属
5001,740,4003,所属
5001,741,4006,所属
5001,742,4006,所属
5001,743,4006,所属
5001,744,4006,所属
5001,745,4006,所属
5001,746,4006,所属
5001,747,4010,所属
5001,748,4005,所属
5001,749,4003,所属
5001,750,4008,所属
5001,751,4004,所属
5001,752,4002,所属
5001,753,4006,所属
5001,754,4006,所属
5001,755,4008,所属
5001,756,4001,所属
5001,757,4006,所属
5001,758,4002,所属
5001,759,4001,所属
5001,760,4003,所属
5001,761,4006,所属
5001,762,4001,所属
5001,763,4008,所属
5001,764,4006,所属
5001,765,4004,所属
5001,766,4005,所属
5001,767,4006,所属
5001,768,4006,所属
5001,769,4006,所属
5001,770,4006,所属
5001,771,4006,所属
5001,772,4006,所属
5001,773,4006,所属
5001,774,4010,所属
5001,775,4003,所属
5001,776,4006,所属
5001,777,4006,所属
5001,778,4010,所属
5001,779,4003,所属
5001,780,4006,所属
5001,781,4006,所属
5001,782,4006,所属
5001,783,4006,所属
5001,784,4006,所属
5001,785,4006,所属
5001,786,4006,所属
5001,787,4006,所属
5001,788,4006,所属
5001,789,4005,所属
5001,790,4008,所属
5001,791,4006,所属
5001,792,4006,所属
5001,793,4006,所属
5001,794,4006,所属
5001,795,4006,所属
5001,796,4004,所属
5001,797,4007,所属
5001,798,4006,所属
5001,799,4007,所属
5001,800,4005,所属
5001,801,4006,所属
5001,802,4006,所属
5001,803,4002,所属
5001,804,4006,所属
5001,805,4006,所属
5001,806,4004,所属
5001,807,4006,所属
5001,808,4006,所属
5001,809,4006,所属
5001,810,4006,所属
5001,811,4006,所属
5001,812,4004,所属
5001,813,4001,所属
5001,814,4006,所属
5001,815,4003,所属
5001,816,4006,所属
5001,817,4006,所属
5001,818,4006,所属
5001,819,4005,所属
5001,820,4005,所属
5001,821,4005,所属
5001,822,4005,所属
5001,823,4005,所属
5001,824,4005,所属
5001,825,4005,所属
5001,826,4006,所属
5001,827,4006,所属
5001,828,4006,所属
5001,829,4006,所属
5001,830,4001,所属
5001,831,4008,所属
5001,832,4005,所属
5001,833,4005,所属
5001,834,4005,所属
5001,835,4005,所属
5001,836,4005,所属
5001,837,4005,所属
5001,838,4005,所属
5001,839,4005,所属
5001,840,4005,所属
5001,841,4005,所属
5001,842,4005,所属
5001,843,4005,所属
5001,844,4005,所属
5001,845,4005,所属
5001,846,4005,所属
5001,847,4005,所属
5001,848,4005,所属
5001,849,4005,所属
5001,850,4005,所属
5001,851,4005,所属
5001,852,4005,所属
5001,853,4005,所属
5001,854,4005,所属
5001,855,4005,所属
5001,856,4005,所属
5001,857,4005,所属
5001,858,4005,所属
5001,859,4005,所属
5001,860,4005,所属
5001,861,4005,所属
5001,862,4005,所属
5001,863,4005,所属
5001,864,4005,所属
5001,865,4005,所属
5001,866,4005,所属
5001,867,4005,所属
5001,868,4005,所属
5001,869,4005,所属
5001,870,4005,所属
5001,871,4005,所属
5001,872,4005,所属
5001,873,4005,所属
5001,874,4005,所属
5001,875,4005,所属
5001,876,4005,所属
5001,877,4005,所属
5001,878,4005,所属
5001,879,4005,所属
5001,880,4005,所属
5001,881,4005,所属
5001,882,4005,所属
5001,883,4005,所属
5001,884,4005,所属
5001,885,4005,所属
5001,886,4005,所属
5001,887,4005,所属
5001,888,4005,所属
5001,889,4005,所属
5001,890,4005,所属
5001,891,4005,所属
5001,892,4005,所属
5001,893,4005,所属
5001,894,4005,所属
5001,895,4005,所属
5001,896,4005,所属
5001,897,4005,所属
5001,898,4005,所属
5001,899,4005,所属
5001,900,4005,所属
5001,901,4005,所属
5001,902,4005,所属
5001,903,4005,所属
5001,904,4005,所属
5001,905,4005,所属
5001,906,4005,所属
5001,907,4005,所属
5001,908,4005,所属
5001,909,4005,所属
5001,910,4005,所属
5001,911,4005,所属
5001,912,4005,所属
5001,913,4005,所属
5001,914,4005,所属
5001,915,4005,所属
5001,916,4005,所属
5001,917,4005,所属
5001,918,4005,所属
5001,919,4005,所属
5001,920,4005,所属
5001,921,4005,所属
5001,922,4005,所属
5001,923,4005,所属
5001,924,4005,所属
5001,925,4005,所属
5001,926,4005,所属
5001,927,4005,所属
5001,928,4005,所属
5001,929,4005,所属
5001,930,4005,所属
5001,931,4005,所属
5001,932,4005,所属
5001,933,4005,所属
5001,934,4005,所属
5001,935,4005,所属
5001,936,4005,所属
5001,937,4005,所属
5001,938,4005,所属
5001,939,4005,所属
5001,940,4005,所属
5001,941,4005,所属
5001,942,4005,所属
5001,943,4005,所属
5001,944,4005,所属
5001,945,4005,所属
5001,946,4005,所属
5001,947,4005,所属
5001,948,4005,所属
5001,949,4005,所属
5001,950,4005,所属
5001,951,4005,所属
5001,952,4005,所属
5001,953,4005,所属
5001,954,4005,所属
5001,955,4005,所属
5001,956,4005,所属
5001,957,4005,所属
5001,958,4005,所属
5001,959,4005,所属
5001,960,4005,所属
5001,961,4003,所属
5001,962,4003,所属
5001,963,4003,所属
5001,964,4003,所属
5001,965,4003,所属
5001,966,4003,所属
5001,967,4003,所属
5001,968,4003,所属
5001,969,4003,所属
5001,970,4003,所属
5001,971,4003,所属
5001,972,4003,所属
5001,973,4003,所属
5001,974,4003,所属
5001,975,4003,所属
5001,976,4003,所属
5001,977,4003,所属
5001,978,4003,所属
5001,979,4003,所属
5001,980,4003,所属
5001,981,4003,所属
5001,982,4003,所属
5001,983,4003,所属
5001,984,4003,所属
5001,985,4003,所属
5001,986,4003,所属
5001,987,4003,所属
5001,988,4003,所属
5001,989,4003,所属
5001,990,4003,所属
5001,991,4003,所属
5001,992,4003,所属
5001,993,4003,所属
5001,994,4003,所属
5001,995,4003,所属
5001,996,4003,所属
5001,997,4003,所属
5001,998,4003,所属
5001,999,4003,所属
5001,1000,4003,所属
5001,1001,4003,所属
5001,1002,4003,所属
5001,1003,4003,所属
5001,1004,4003,所属
5001,1005,4003,所属
5001,1006,4003,所属
5001,1007,4003,所属
5001,1008,4003,所属
5001,1009,4003,所属
5001,1010,4003,所属
5001,1011,4006,所属
5001,1012,4006,所属
5001,1013,4006,所属
5001,1014,4006,所属
5001,1015,4006,所属
5001,1016,4006,所属
5001,1017,4006,所属
5001,1018,4006,所属
5001,1019,4006,所属
5001,1020,4004,所属
5001,1021,4004,所属
5001,1022,4004,所属
5001,1023,4004,所属
5001,1024,4004,所属
5001,1025,4004,所属
5001,1026,4004,所属
5001,1027,4004,所属
5001,1028,4004,所属
5001,1029,4004,所属
5001,1030,4004,所属
5001,1031,4004,所属
5001,1032,4004,所属
5001,1033,4004,所属
5001,1034,4004,所属
5001,1035,4004,所属
5001,1036,4004,所属
5001,1037,4004,所属
5001,1038,4004,所属
5001,1039,4004,所属
5001,1040,4004,所属
5001,1041,4004,所属
5001,1042,4004,所属
5001,1043,4004,所属
5001,1044,4004,所属
5001,1045,4004,所属
5001,1046,4004,所属
5001,1047,4004,所属
5001,1048,4004,所属
5001,1049,4002,所属
5001,1050,4002,所属
5001,1051,4002,所属
5001,1052,4002,所属
5001,1053,4002,所属
5001,1054,4002,所属
5001,1055,4002,所属
5001,1056,4002,所属
5001,1057,4002,所属
5001,1058,4002,所属
5001,1059,4002,所属
5001,1060,4002,所属
5001,1061,4002,所属
5001,1062,4002,所属
5001,1063,4002,所属
5001,1064,4002,所属
5001,1065,4002,所属
5001,1066,4002,所属
5001,1067,4002,所属
5001,1068,4002,所属
5001,1069,4006,所属
5001,1070,4006,所属
5001,1071,4006,所属
5001,1072,4006,所属
5001,1073,4006,所属
5001,1074,4006,所属
5001,1075,4006,所属
5001,1076,4006,所属
5001,1077,4006,所属
5001,1078,4006,所属
5001,1079,4006,所属
5001,1080,4006,所属
5001,1081,4006,所属
5001,1082,4006,所属
5001,1083,4006,所属
5001,1084,4006,所属
5001,1085,4006,所属
5001,1086,4006,所属
5001,1087,4006,所属
5001,1088,4006,所属
5001,1089,4006,所属
5001,1090,4001,所属
5001,1091,4001,所属
5001,1092,4001,所属
5001,1093,4001,所属
5001,1094,4001,所属
5001,1095,4001,所属
5001,1096,4001,所属
5001,1097,4001,所属
5001,1098,4001,所属
5001,1099,4001,所属
5001,1100,4001,所属
5001,1101,4001,所属
5001,1102,4001,所属
5001,1103,4001,所属
5001,1104,4001,所属
5001,1105,4001,所属
5001,1106,4001,所属
5001,1107,4001,所属
5001,1108,4001,所属
5001,1109,4001,所属
5001,1110,4001,所属
5001,1111,4001,所属
5001,1112,4001,所属
5001,1113,4001,所属
5001,1114,4001,所属
5001,1115,4001,所属
5001,1116,4001,所属
5001,1117,4001,所属
5001,1118,4001,所属
5001,1119,4001,所属
5001,1120,4001,所属
5001,1121,4001,所属
5001,1122,4001,所属
5001,1123,4001,所属
5001,1124,4001,所属
5001,1125,4001,所属
5001,1126,4001,所属
5001,1127,4001,所属
5001,1128,4001,所属
5001,1129,4001,所属
5001,1130,4001,所属
5001,1131,4001,所属
5001,1132,4001,所属
5001,1133,4001,所属
5001,1134,4001,所属
5001,1135,4001,所属
5001,1136,4001,所属
5001,1137,4001,所属
5001,1138,4001,所属
5001,1139,4001,所属
5001,1140,4001,所属
5001,1141,4001,所属
5001,1142,4001,所属
5001,1143,4001,所属
5001,1144,4001,所属
5001,1145,4001,所属
5001,1146,4001,所属
5001,1147,4001,所属
5001,1148,4001,所属
5001,1149,4001,所属
5001,1150,4002,所属
5001,1151,4002,所属
5001,1152,4002,所属
5001,1153,4002,所属
5001,1154,4002,所属
5001,1155,4002,所属
5001,1156,4002,所属
5001,1157,4002,所属
5001,1158,4002,所属
5001,1159,4002,所属
5001,1160,4002,所属
5001,1161,4002,所属
5001,1162,4002,所属
5001,1163,4002,所属
5001,1164,4002,所属
5001,1165,4002,所属
5001,1166,4002,所属
5001,1167,4002,所属
5001,1168,4002,所属
5001,1169,4002,所属
5001,1170,4002,所属
5001,1171,4002,所属
5001,1172,4002,所属
5001,1173,4002,所属
5001,1174,4002,所属
5001,1175,4002,所属
5001,1176,4002,所属
5001,1177,4002,所属
5001,1178,4002,所属
5001,1179,4002,所属
5001,1180,4002,所属
5001,1181,4002,所属
5001,1182,4002,所属
5001,1183,4002,所属
5001,1184,4002,所属
5001,1185,4002,所属
5001,1186,4002,所属
5001,1187,4002,所属
5001,1188,4002,所属
5001,1189,4002,所属
5001,1190,4002,所属
5001,1191,4002,所属
5001,1192,4002,所属
5001,1193,4004,所属
5001,1194,4004,所属
5001,1195,4004,所属
5001,1196,4004,所属
5001,1197,4004,所属
5001,1198,4004,所属
5001,1199,4004,所属
5001,1200,4004,所属
5001,1201,4004,所属
5001,1202,4004,所属
5001,1203,4004,所属
5001,1204,4004,所属
5001,1205,4004,所属
5001,1206,4004,所属
5001,1207,4004,所属
5001,1208,4004,所属
5001,1209,4004,所属
5001,1210,4004,所属
5001,1211,4004,所属
5001,1212,4004,所属
5001,1213,4004,所属
5001,1214,4004,所属
5001,1215,4004,所属
5001,1216,4004,所属
5001,1217,4004,所属
5001,1218,4004,所属
5001,1219,4004,所属
5001,1220,4004,所属
5001,1221,4004,所属
5001,1222,4004,所属
5001,1223,4004,所属
5001,1224,4004,所属
5001,1225,4004,所属
5001,1226,4004,所属
5001,1227,4004,所属
5001,1228,4004,所属
5001,1229,4004,所属
5001,1230,4004,所属
5001,1231,4004,所属
5001,1232,4008,所属
5001,1233,4008,所属
5001,1234,4008,所属
5001,1235,4008,所属
5001,1236,4008,所属
5001,1237,4008,所属
5001,1238,4008,所属
5001,1239,4008,所属
5001,1240,4008,所属
5001,1241,4008,所属
5001,1242,4008,所属
5001,1243,4008,所属
5001,1244,4008,所属
5001,1245,4008,所属
5001,1246,4008,所属
5001,1247,4008,所属
5001,1248,4008,所属
5001,1249,4008,所属
5001,1250,4008,所属
5001,1251,4008,所属
5001,1252,4008,所属
5001,1253,4008,所属
5001,1254,4008,所属
5001,1255,4008,所属
5001,1256,4008,所属
5001,1257,4008,所属
5001,1258,4008,所属
5001,1259,4008,所属
5001,1260,4008,所属
5001,1261,4008,所属
5001,1262,4008,所属
5001,1263,4008,所属
5001,1264,4008,所属
5001,1265,4008,所属
5001,1266,4008,所属
5001,1267,4008,所属
5001,1268,4008,所属
5001,1269,4008,所属
5001,1270,4008,所属
5001,1271,4008,所属
5001,1272,4008,所属
5001,1273,4008,所属
5001,1274,4008,所属
5001,1275,4008,所属
5001,1276,4008,所属
5001,1277,4008,所属
5001,1278,4008,所属
5001,1279,4008,所属
5001,1280,4008,所属
5001,1281,4008,所属
5001,1282,4008,所属
5001,1283,4008,所属
5001,1284,4008,所属
5001,1285,4008,所属
5001,1286,4008,所属
5001,1287,4008,所属
5001,1288,4008,所属
5001,1289,4008,所属
5001,1290,4008,所属
5001,1291,4008,所属
5001,1292,4008,所属
5001,1293,4008,所属
5001,1294,4008,所属
5001,1295,4008,所属
5001,1296,4008,所属
5001,1297,4008,所属
5001,1298,4008,所属
5001,1299,4008,所属
5001,1300,4008,所属
5001,1301,4008,所属
5001,1302,4008,所属
5001,1303,4008,所属
5001,1304,4008,所属
5001,1305,4008,所属
5001,1306,4008,所属
5001,1307,4008,所属
5001,1308,4008,所属
5001,1309,4008,所属
5001,1310,4008,所属
5001,1311,4008,所属
5001,1312,4008,所属
5001,1313,4008,所属
5001,1314,4008,所属
5001,1315,4008,所属
5001,1316,4008,所属
5001,1317,4008,所属
5001,1318,4008,所属
5001,1319,4008,所属
5001,1320,4008,所属
5001,1321,4008,所属
5001,1322,4008,所属
5001,1323,4008,所属
5001,1324,4008,所属
5001,1325,4008,所属
5001,1326,4008,所属
5001,1327,4008,所属
5001,1328,4008,所属
5001,1329,4008,所属
5001,1330,4008,所属
5001,1331,4008,所属
5001,1332,4001,所属
5001,1333,4001,所属
5001,1334,4001,所属
5001,1335,4001,所属
5001,1336,4001,所属
5001,1337,4001,所属
5001,1338,4001,所属
5001,1339,4001,所属
5001,1340,4001,所属
5001,1341,4001,所属
5001,1342,4001,所属
5001,1343,4001,所属
5001,1344,4001,所属
5001,1345,4001,所属
5001,1346,4001,所属
5001,1347,4001,所属
5001,1348,4001,所属
5001,1349,4001,所属
5001,1350,4001,所属
5001,1351,4001,所属
5001,1352,4001,所属
5001,1353,4001,所属
5001,1354,4001,所属
5001,1355,4001,所属
5001,1356,4001,所属
5001,1357,4001,所属
5001,1358,4001,所属
5001,1359,4001,所属
5001,1360,4001,所属
5001,1361,4001,所属
5001,1362,4001,所属
5001,1363,4001,所属
5001,1364,4001,所属
5001,1365,4001,所属
5001,1366,4001,所属
5001,1367,4001,所属
5001,1368,4001,所属
5001,1369,4001,所属
5001,1370,4001,所属
5001,1371,4001,所属
5001,1372,4001,所属
5001,1373,4001,所属
5001,1374,4001,所属
5001,1375,4006,所属
5001,1376,4001,所属
5001,1377,4001,所属
5001,1378,4001,所属
5001,1379,4001,所属
5001,1380,4001,所属
5001,1381,4001,所属
5001,1382,4001,所属
5001,1383,4001,所属
5001,1384,4001,所属
5001,1385,4001,所属
5001,1386,4001,所属
5001,1387,4001,所属
5001,1388,4001,所属
5001,1389,4001,所属
5001,1390,4001,所属
5001,1391,4001,所属
5001,1392,4001,所属
5001,1393,4001,所属
5001,1394,4001,所属
5001,1395,4001,所属
5001,1396,4001,所属
5001,1397,4001,所属
5001,1398,4001,所属
5001,1399,4001,所属
5001,1400,4001,所属
5001,1401,4001,所属
5001,1402,4001,所属
5001,1403,4001,所属
5001,1404,4001,所属
5001,1405,4001,所属
5001,1406,4001,所属
5001,1407,4001,所属
5001,1408,4001,所属
5001,1409,4001,所属
5001,1410,4001,所属
5001,1411,4003,所属
5001,1412,4003,所属
5001,1413,4003,所属
5001,1414,4003,所属
5001,1415,4003,所属
5001,1416,4003,所属
5001,1417,4003,所属
5001,1418,4003,所属
5001,1419,4003,所属
5001,1420,4001,所属
5001,1421,4001,所属
5001,1422,4001,所属
5001,1423,4001,所属
5001,1424,4001,所属
5001,1425,4001,所属
5001,1426,4001,所属
5001,1427,4001,所属
5001,1428,4001,所属
5001,1429,4001,所属
5001,1430,4001,所属
5001,1431,4001,所属
5001,1432,4001,所属
5001,1433,4001,所属
5001,1434,4001,所属
5001,1435,4001,所属
5001,1436,4006,所属
5001,1437,4001,所属
5001,1438,4001,所属
5001,1439,4001,所属
5001,1440,4001,所属
5001,1441,4001,所属
5001,1442,4006,所属
5001,1443,4006,所属
5001,1444,4006,所属
5001,1445,4006,所属
5001,1446,4006,所属
5001,1447,4006,所属
5001,1448,4006,所属
5001,1449,4004,所属
5001,1450,4004,所属
5001,1451,4004,所属
5001,1452,4004,所属
5001,1453,4004,所属
5001,1454,4004,所属
5001,1455,4004,所属
5001,1456,4004,所属
5001,1457,4004,所属
5001,1458,4004,所属
5001,1459,4004,所属
5001,1460,4004,所属
5001,1461,4004,所属
5001,1462,4004,所属
5001,1463,4004,所属
5001,1464,4004,所属
5001,1465,4004,所属
5001,1466,4004,所属
5001,1467,4004,所属
5001,1468,4004,所属
5001,1469,4004,所属
5001,1470,4004,所属
5001,1471,4004,所属
5001,1472,4004,所属
5001,1473,4004,所属
5001,1474,4004,所属
5001,1475,4004,所属
5001,1476,4004,所属
5001,1477,4004,所属
5001,1478,4004,所属
5001,1479,4004,所属
5001,1480,4004,所属
5001,1481,4004,所属
5001,1482,4004,所属
5001,1483,4004,所属
5001,1484,4004,所属
5001,1485,4004,所属
5001,1486,4004,所属
5001,1487,4004,所属
5001,1488,4004,所属
5001,1489,4004,所属
5001,1490,4004,所属
5001,1491,4004,所属
5001,1492,4004,所属
5001,1493,4004,所属
5001,1494,4004,所属
5001,1495,4004,所属
5001,1496,4004,所属
5001,1497,4004,所属
5001,1498,4004,所属
5001,1499,4004,所属
5001,1500,4004,所属
5001,1501,4004,所属
5001,1502,4004,所属
5001,1503,4004,所属
5001,1504,4002,所属
5001,1505,4002,所属
5001,1506,4002,所属
5001,1507,4002,所属
5001,1508,4002,所属
5001,1509,4002,所属
5001,1510,4002,所属
5001,1511,4002,所属
5001,1511,4007,所属
5001,1512,4007,所属
5001,1513,4007,所属
5001,1514,4007,所属
5001,1515,4007,所属
5001,1516,4007,所属
5001,1517,4007,所属
5001,1518,4007,所属
5001,1519,4007,所属
5001,1520,4007,所属
5001,1521,4007,所属
5001,1522,4007,所属
5001,1523,4007,所属
5001,1524,4007,所属
5001,1525,4007,所属
5001,1526,4007,所属
5001,1527,4007,所属
5001,1528,4007,所属
5001,1529,4007,所属
5001,1530,4007,所属
5001,1531,4007,所属
5001,1532,4007,所属
5001,1533,4007,所属
5001,1534,4007,所属
5001,1535,4007,所属
5001,1536,4007,所属
5001,1537,4007,所属
5001,1538,4007,所属
5001,1539,4007,所属
5001,1540,4007,所属
5001,1541,4007,所属
5001,1542,4007,所属
5001,1543,4007,所属
5001,1544,4007,所属
5001,1545,4007,所属
5001,1546,4007,所属
5001,1547,4007,所属
5001,1548,4007,所属
5001,1549,4007,所属
5001,1550,4007,所属
5001,1551,4007,所属
5001,1552,4007,所属
